pmid,sentence,masked_sentence,abbr,FS
9949209,"The major cause of hepatic copper accumulation in man is a dysfunctional ATP7B gene, causing Wilson disease (WD).","The major cause of hepatic copper accumulation in man is a dysfunctional ATP7B gene, causing  WD.",WD,wilson disease
9949209,"We examined whether the WD gene ATP7B was also causative for CT by investigating the chromosomal co-localization of ATP7B and C04107, using fluorescence in situ hybridization (FISH).","We examined whether the WD gene ATP7B was also causative for CT by investigating the chromosomal co-localization of ATP7B and C04107, using fluorescence in situ hybridization (FISH).",WD,wilson disease
9949209,"However, BAC clones containing ATP7B and C04107 mapped to the canine chromosome regions CFA22q11 and CFA10q26, respectively, demonstrating that WD cannot be homologous to CT.","However, BAC clones containing ATP7B and C04107 mapped to the canine chromosome regions CFA22q11 and CFA10q26, respectively, demonstrating that WD cannot be homologous to CT.",WD,wilson disease
9949209,"By investigating the common autosomal recessive copper toxicosis (CT) in Bedlington terriers, we have identified a new locus involved in progressive liver disease.","By investigating the common autosomal recessive  CT in Bedlington terriers, we have identified a new locus involved in progressive liver disease.",CT,copper toxicosis
9949209,"We examined whether the WD gene ATP7B was also causative for CT by investigating the chromosomal co-localization of ATP7B and C04107, using fluorescence in situ hybridization (FISH).","We examined whether the WD gene ATP7B was also causative for CT by investigating the chromosomal co-localization of ATP7B and C04107, using fluorescence in situ hybridization (FISH).",CT,copper toxicosis
9949209,The copper transport genes CTR1 and CTR2 were also excluded as candidate genes for CT since they both mapped to canine chromosome region CFA11q22.,The copper transport genes CTR1 and CTR2 were also excluded as candidate genes for CT since they both mapped to canine chromosome region CFA11q22.,CT,copper toxicosis
9950360,BACKGROUND/AIMS  The development of colorectal cancer and a variable range of extracolonic manifestations in familial adenomatous polyposis (FAP) is the result of the dominant inheritance of adenomatous polyposis coli (APC) gene mutations.,BACKGROUND/AIMS  The development of colorectal cancer and a variable range of extracolonic manifestations in  FAP is the result of the dominant inheritance of adenomatous polyposis coli (APC) gene mutations.,FAP,familial adenomatous polyposis
9950360,"METHODS  The APC gene was analysed in 190 unrelated FAP and 15 non-FAP colorectal cancer patients using denaturing gradient gel electrophoresis, the protein truncation test, and direct sequencing.","METHODS  The APC gene was analysed in 190 unrelated FAP and 15 non-FAP colorectal cancer patients using denaturing gradient gel electrophoresis, the protein truncation test, and direct sequencing.",FAP,familial adenomatous polyposis
9950360,RESULTS  Chain terminating signals were only identified in patients belonging to the FAP group (105 patients).,RESULTS  Chain terminating signals were only identified in patients belonging to the FAP group (105 patients).,FAP,familial adenomatous polyposis
9950360,Genotype-phenotype correlations identified significant differences in the nature of certain extracolonic manifestations in FAP patients belonging to three mutation subgroups.,Genotype-phenotype correlations identified significant differences in the nature of certain extracolonic manifestations in FAP patients belonging to three mutation subgroups.,FAP,familial adenomatous polyposis
9950360,This study also provided evidence for the pathological nature of amino acid changes in APC associated with both FAP and non-FAP colorectal cancer patients..,This study also provided evidence for the pathological nature of amino acid changes in APC associated with both FAP and non-FAP colorectal cancer patients..,FAP,familial adenomatous polyposis
9950360,BACKGROUND/AIMS  The development of colorectal cancer and a variable range of extracolonic manifestations in familial adenomatous polyposis (FAP) is the result of the dominant inheritance of adenomatous polyposis coli (APC) gene mutations.,BACKGROUND/AIMS  The development of colorectal cancer and a variable range of extracolonic manifestations in familial adenomatous polyposis (FAP) is the result of the dominant inheritance of  APC gene mutations.,APC,adenomatous polyposis coli
9950360,"In this study, direct mutation analysis of the APC gene was performed to determine genotype-phenotype correlations for nine extracolonic manifestations and to investigate the incidence of APC mutations in non-FAP colorectal cancer.","In this study, direct mutation analysis of the APC gene was performed to determine genotype-phenotype correlations for nine extracolonic manifestations and to investigate the incidence of APC mutations in non-FAP colorectal cancer.",APC,adenomatous polyposis coli
9950360,"METHODS  The APC gene was analysed in 190 unrelated FAP and 15 non-FAP colorectal cancer patients using denaturing gradient gel electrophoresis, the protein truncation test, and direct sequencing.","METHODS  The APC gene was analysed in 190 unrelated FAP and 15 non-FAP colorectal cancer patients using denaturing gradient gel electrophoresis, the protein truncation test, and direct sequencing.",APC,adenomatous polyposis coli
9950360,This study also provided evidence for the pathological nature of amino acid changes in APC associated with both FAP and non-FAP colorectal cancer patients..,This study also provided evidence for the pathological nature of amino acid changes in APC associated with both FAP and non-FAP colorectal cancer patients..,APC,adenomatous polyposis coli
9634518,Phenylketonuria (PKU) and mild hyperphenylalaninemia (MHP) are allelic disorders caused by mutations in the gene encoding phenylalanine hydroxylase (PAH).,Phenylketonuria (PKU) and  MHP are allelic disorders caused by mutations in the gene encoding phenylalanine hydroxylase (PAH).,MHP,mild hyperphenylalaninemia
9634518,Phenylketonuria (PKU) and mild hyperphenylalaninemia (MHP) are allelic disorders caused by mutations in the gene encoding phenylalanine hydroxylase (PAH).,Phenylketonuria (PKU) and mild hyperphenylalaninemia (MHP) are allelic disorders caused by mutations in the gene encoding  PAH.,PAH,phenylalanine hydroxylase
9634518,Previous studies have suggested that the highly variable metabolic phenotypes of PAH deficiency correlate with PAH genotypes.,Previous studies have suggested that the highly variable metabolic phenotypes of PAH deficiency correlate with PAH genotypes.,PAH,phenylalanine hydroxylase
9634518,Our data indicate that the PAH-mutation genotype is the main determinant of metabolic phenotype in most patients with PAH deficiency.,Our data indicate that the PAH-mutation genotype is the main determinant of metabolic phenotype in most patients with PAH deficiency.,PAH,phenylalanine hydroxylase
9634518,"In the present study, the classification of 105 PAH mutations may allow the prediction of the biochemical phenotype in > 10, 000 genotypes, which may be useful for the management of hyperphenylalaninemia in newborns.","In the present study, the classification of 105 PAH mutations may allow the prediction of the biochemical phenotype in > 10, 000 genotypes, which may be useful for the management of hyperphenylalaninemia in newborns.",PAH,phenylalanine hydroxylase
9563950,Myotonic dystrophy (DM) is caused by a CTG expansion in the 3 untranslated region of the DM gene., DM is caused by a CTG expansion in the 3 untranslated region of the DM gene.,DM,myotonic dystrophy
9563950,One model of DM pathogenesis suggests that RNAs from the expanded allele create a gain-of-function mutation by the inappropriate binding of proteins to the CUG repeats.,One model of DM pathogenesis suggests that RNAs from the expanded allele create a gain-of-function mutation by the inappropriate binding of proteins to the CUG repeats.,DM,myotonic dystrophy
9563950,Splicing of cTNT was disrupted in DM striated muscle and in normal cells expressing transcripts that contain CUG repeats.,Splicing of cTNT was disrupted in DM striated muscle and in normal cells expressing transcripts that contain CUG repeats.,DM,myotonic dystrophy
9563950,Altered expression of genes regulated posttranscriptionally by CUG-BP therefore may contribute to DM pathogenesis..,Altered expression of genes regulated posttranscriptionally by CUG-BP therefore may contribute to DM pathogenesis..,DM,myotonic dystrophy
9674903,Maternal uniparental disomy (UPD) for chromosome 15 is responsible for an estimated 30% of cases of Prader-Willi syndrome (PWS).,Maternal  UPD for chromosome 15 is responsible for an estimated 30% of cases of Prader-Willi syndrome (PWS).,UPD,uniparental disomy
9674903,"with 45 chromosomes and the derivative 3 but without the der (15) demonstrated a phenotype consistent with that reported for haploinsufficiency of distal 3 p. Uniparental disomy associated with unbalanced segregation of non-Robertsonian translocations has been reported previously but has not, to our knowledge, been observed in a case of PWS.","with 45 chromosomes and the derivative 3 but without the der (15) demonstrated a phenotype consistent with that reported for haploinsufficiency of distal 3 p.  associated with unbalanced segregation of non-Robertsonian translocations has been reported previously but has not, to our knowledge, been observed in a case of PWS.",UPD,uniparental disomy
9674903,"Furthermore, our findings are best interpreted as true gamete complementation resulting in maternal UPD 15 and PWS","Furthermore, our findings are best interpreted as true gamete complementation resulting in maternal UPD 15 and PWS",UPD,uniparental disomy
9674903,Maternal uniparental disomy (UPD) for chromosome 15 is responsible for an estimated 30% of cases of Prader-Willi syndrome (PWS).,Maternal uniparental disomy (UPD) for chromosome 15 is responsible for an estimated 30% of cases of  PWS.,PWS,prader-willi syndrome
9674903,We report on an unusual case of maternal disomy 15 in PWS that is most consistent with adjacent-1 segregation of a paternal t (3; 15) (p25; q11.,We report on an unusual case of maternal disomy 15 in PWS that is most consistent with adjacent-1 segregation of a paternal t (3; 15) (p25; q11.,PWS,prader-willi syndrome
9674903,Fluorescent in situ hybridization analysis demonstrated that the PWS critical region resided on the derivative chromosome 3 and that there was no deletion of the PWS region on the normal pair of 15s present in J.,Fluorescent in situ hybridization analysis demonstrated that the PWS critical region resided on the derivative chromosome 3 and that there was no deletion of the PWS region on the normal pair of 15s present in J.,PWS,prader-willi syndrome
9863607,"Myotonic dystrophy (DM) is an autosomal dominant disease which, in the typical pedigree, shows a three generation anticipation cascade."," DM is an autosomal dominant disease which, in the typical pedigree, shows a three generation anticipation cascade.",DM,myotonic dystrophy
9863607,This results in infertility and congenital myotonic dystrophy (CDM) with the disappearance of DM in that pedigree.,This results in infertility and congenital  (CDM) with the disappearance of DM in that pedigree.,DM,myotonic dystrophy
9863607,"The concept of segregation distortion, where there is preferential transmission of the larger allele at the DM locus, has been put forward to explain partially the maintenance of DM in the population.","The concept of segregation distortion, where there is preferential transmission of the larger allele at the DM locus, has been put forward to explain partially the maintenance of DM in the population.",DM,myotonic dystrophy
9863607,"In a survey of DM in Northern Ireland, 59 pedigrees were ascertained.","In a survey of DM in Northern Ireland, 59 pedigrees were ascertained.",DM,myotonic dystrophy
9863607,Sibships where the status of all the members had been identified were examined to determine the transmission of the DM expansion from affected parents to their offspring.,Sibships where the status of all the members had been identified were examined to determine the transmission of the DM expansion from affected parents to their offspring.,DM,myotonic dystrophy
9863607,Studies on meiotic drive in DM have shown increased transmission of the larger allele at the DM locus in non-DM heterozygotes for CTGn.,Studies on meiotic drive in DM have shown increased transmission of the larger allele at the DM locus in non-DM heterozygotes for CTGn.,DM,myotonic dystrophy
9863607,This study provides further evidence that the DM expansion tends to be transmitted preferentially.,This study provides further evidence that the DM expansion tends to be transmitted preferentially.,DM,myotonic dystrophy
9863607,This results in infertility and congenital myotonic dystrophy (CDM) with the disappearance of DM in that pedigree.,This results in infertility and  CDM with the disappearance of DM in that pedigree.,CDM,congenital myotonic dystrophy
9443866,"To facilitate the evaluation of ATM heterozygotes for susceptibility to other diseases, such as breast cancer, we have attempted to define the most common mutations and their frequencies in ataxia-telangiectasia (A-T) homozygotes from 10 ethnic populations.","To facilitate the evaluation of ATM heterozygotes for susceptibility to other diseases, such as breast cancer, we have attempted to define the most common mutations and their frequencies in  A-T homozygotes from 10 ethnic populations.",A-T,ataxia-telangiectasia
9443866,These assays should facilitate screening for A-T heterozygotes in the populations studied..,These assays should facilitate screening for A-T heterozygotes in the populations studied..,A-T,ataxia-telangiectasia
9668171,A (CTG) nexpansion in the 3-untranslated region (UTR) of the DM protein kinase gene (DMPK) is responsible for causing myotonic dystrophy (DM).,A (CTG) nexpansion in the 3-untranslated region (UTR) of the DM protein kinase gene (DMPK) is responsible for causing  DM.,DM,myotonic dystrophy
9668171,The trinucleotide repeat instability mechanisms involved in DM and other human genetic diseases are unknown.,The trinucleotide repeat instability mechanisms involved in DM and other human genetic diseases are unknown.,DM,myotonic dystrophy
9668171,"We studied somatic instability by measuring the CTG repeat length at several ages in various tissues of transgenic mice carrying a (CTG) 55expansion surrounded by 45 kb of the human DM region, using small-pool PCR.","We studied somatic instability by measuring the CTG repeat length at several ages in various tissues of transgenic mice carrying a (CTG) 55expansion surrounded by 45 kb of the human DM region, using small-pool PCR.",DM,myotonic dystrophy
9668171,"As observed in some of the tissues of DM patients, there is a tendency for repeat length and somatic mosaicism to increase with the age of the mouse.","As observed in some of the tissues of DM patients, there is a tendency for repeat length and somatic mosaicism to increase with the age of the mouse.",DM,myotonic dystrophy
9463314,We report the spectrum of 59 ATM mutations observed in ataxia-telangiectasia (A-T) patients in the British Isles.,We report the spectrum of 59 ATM mutations observed in  A-T patients in the British Isles.,A-T,ataxia-telangiectasia
9463314,"We report, in two A-T families, an ATM mutation (7271T-- > G) that may be associated with an increased risk of breast cancer in both homozygotes and heterozygotes (relative risk 12.","We report, in two A-T families, an ATM mutation (7271T-- > G) that may be associated with an increased risk of breast cancer in both homozygotes and heterozygotes (relative risk 12.",A-T,ataxia-telangiectasia
9463314,"0025), although there is a less severe A-T phenotype in terms of the degree of cerebellar degeneration.","0025), although there is a less severe A-T phenotype in terms of the degree of cerebellar degeneration.",A-T,ataxia-telangiectasia
9463314,"In addition, we have studied 18 A-T patients, in 15 families, who developed leukemia, lymphoma, preleukemic T-cell proliferation, or Hodgkin lymphoma, mostly in childhood.","In addition, we have studied 18 A-T patients, in 15 families, who developed leukemia, lymphoma, preleukemic T-cell proliferation, or Hodgkin lymphoma, mostly in childhood.",A-T,ataxia-telangiectasia
9463314,"We also show that 25% of all A-T patients carried in-frame deletions or missense mutations, many of which were also associated with expression of mutant ATM protein.","We also show that 25% of all A-T patients carried in-frame deletions or missense mutations, many of which were also associated with expression of mutant ATM protein.",A-T,ataxia-telangiectasia
9790667,A novel C to A mutation in the sterol 27-hydroxylase gene (CYP27) was identified by sequencing amplified CYP27 gene products from a patient with cerebrotendinous xanthomatosis (CTX).,A novel C to A mutation in the sterol 27-hydroxylase gene (CYP27) was identified by sequencing amplified CYP27 gene products from a patient with  CTX.,CTX,cerebrotendinous xanthomatosis
9702690,We report a Japanese family with adrenoleukodystrophy (ALD) with a three base pair deletion (delGAG 291) in the ALD gene.,We report a Japanese family with  ALD with a three base pair deletion (delGAG 291) in the ALD gene.,ALD,adrenoleukodystrophy
9702690,"While the proband (patient 1) was classified as having a rare intermediate type of adult cerebral and cerebello-brain stem forms, his younger brother (patient 2) and nephew (patient 3) had a childhood ALD type.","While the proband (patient 1) was classified as having a rare intermediate type of adult cerebral and cerebello-brain stem forms, his younger brother (patient 2) and nephew (patient 3) had a childhood ALD type.",ALD,adrenoleukodystrophy
9702690,The findings in this family suggest that delGAG291 is part of the cause of Japanese ALD with phenotypic variations.,The findings in this family suggest that delGAG291 is part of the cause of Japanese ALD with phenotypic variations.,ALD,adrenoleukodystrophy
9702690,The tau level in the cerebrospinal fluid (CSF) in patient 1 was as high as that of patients with Alzheimers disease (AD).,The tau level in the cerebrospinal fluid (CSF) in patient 1 was as high as that of patients with  AD.,AD,alzheimers disease
9618166,Pendred syndrome is an autosomal recessive disorder characterized by early childhood deafness and goiter., is an autosomal recessive disorder characterized by early childhood deafness and goiter.,PDS,pendred syndrome
9618166,We performed mutation analysis of the PDS gene in patients from 14 Pendred families originating from seven countries and identified all mutations.,We performed mutation analysis of the PDS gene in patients from 14 Pendred families originating from seven countries and identified all mutations.,PDS,pendred syndrome
9618166,The identification of two frequent PDS mutations will facilitate the molecular diagnosis of Pendred syndrome.,The identification of two frequent PDS mutations will facilitate the molecular diagnosis of .,PDS,pendred syndrome
9427148,Aspartylglucosaminuria (AGU) is a rare disorder of glycoprotein metabolism caused by the deficiency of the lysosomal enzyme aspartylglucosaminidase (AGA)., AGU is a rare disorder of glycoprotein metabolism caused by the deficiency of the lysosomal enzyme aspartylglucosaminidase (AGA).,AGU,aspartylglucosaminuria
9427148,"While very few patients with AGU have been reported from non-Finnish origin, we diagnosed the disorder in 8 patients originating from 3 unrelated families, all Palestinian Arabs from the region of Jerusalem.","While very few patients with AGU have been reported from non-Finnish origin, we diagnosed the disorder in 8 patients originating from 3 unrelated families, all Palestinian Arabs from the region of Jerusalem.",AGU,aspartylglucosaminuria
9427148,"The clinical diagnosis of AGU is often difficult, in particular early in the course of the disease, and most of the patients are diagnosed after the age of 5 years.","The clinical diagnosis of AGU is often difficult, in particular early in the course of the disease, and most of the patients are diagnosed after the age of 5 years.",AGU,aspartylglucosaminuria
9467011,"In addition, PTEN was identified as the susceptibility gene for two hamartoma syndromes  Cowden disease (CD; MIM 158350) and Bannayan-Zonana (BZS) or Ruvalcaba-Riley-Smith syndrome (MIM 153480).","In addition, PTEN was identified as the susceptibility gene for two hamartoma syndromes   (CD; MIM 158350) and Bannayan-Zonana (BZS) or Ruvalcaba-Riley-Smith syndrome (MIM 153480).",CD,cowden disease
9467011,Constitutive DNA from 37 CD families and seven BZS families was screened for germline PTEN mutations.,Constitutive DNA from 37 CD families and seven BZS families was screened for germline PTEN mutations.,CD,cowden disease
9467011,"PTEN mutations were identified in 30 of 37 (81%) CD families, including missense and nonsense point mutations, deletions, insertions, a deletion/insertion and splice site mutations.","PTEN mutations were identified in 30 of 37 (81%) CD families, including missense and nonsense point mutations, deletions, insertions, a deletion/insertion and splice site mutations.",CD,cowden disease
9467011,"A hot spot for PTEN mutation in CD was identified in exon 5 that contains the PTPase core motif, with 13 of 30 (43%) CD mutations identified in this exon.","A hot spot for PTEN mutation in CD was identified in exon 5 that contains the PTPase core motif, with 13 of 30 (43%) CD mutations identified in this exon.",CD,cowden disease
9467011,"It is also worthy of note that a single nonsense point mutation, R233X, was observed in the germline DNA from two unrelated CD families and one BZS family.","It is also worthy of note that a single nonsense point mutation, R233X, was observed in the germline DNA from two unrelated CD families and one BZS family.",CD,cowden disease
9467011,"However, genotype-phenotype analysis inthe group of CD families revealed two possible associations worthy of follow-up in independent analyses.","However, genotype-phenotype analysis inthe group of CD families revealed two possible associations worthy of follow-up in independent analyses.",CD,cowden disease
9467011,The first was an association noted in the group of CD families with breast disease.,The first was an association noted in the group of CD families with breast disease.,CD,cowden disease
9467011,"However, these observations would need to be confirmed by studying a larger number of CD families.","However, these observations would need to be confirmed by studying a larger number of CD families.",CD,cowden disease
9467011,Constitutive DNA from 37 CD families and seven BZS families was screened for germline PTEN mutations.,Constitutive DNA from 37 CD families and seven BZS families was screened for germline PTEN mutations.,BZS,bannayan-zonana syndrome
9467011,Germline PTEN mutations were identified in four of seven (57%) BZS families studied.,Germline PTEN mutations were identified in four of seven (57%) BZS families studied.,BZS,bannayan-zonana syndrome
9467011,"It is also worthy of note that a single nonsense point mutation, R233X, was observed in the germline DNA from two unrelated CD families and one BZS family.","It is also worthy of note that a single nonsense point mutation, R233X, was observed in the germline DNA from two unrelated CD families and one BZS family.",BZS,bannayan-zonana syndrome
9467011,Genotype-phenotype studies were not performed on this small group of BZS families.,Genotype-phenotype studies were not performed on this small group of BZS families.,BZS,bannayan-zonana syndrome
9358014,Recent studies have shown that hereditary hemochromatosis (HH) is likely to be caused by homozygosity for a Cys282Tyr mutation in the HFE gene located 4.,Recent studies have shown that  HH is likely to be caused by homozygosity for a Cys282Tyr mutation in the HFE gene located 4.,HH,hereditary hemochromatosis
9358014,"Comparisons with allele frequencies based on prevalence estimates of HH showed some disagreements with the RFLP data, particularly in Finns.","Comparisons with allele frequencies based on prevalence estimates of HH showed some disagreements with the RFLP data, particularly in Finns.",HH,hereditary hemochromatosis
9358014,The newly described HFE marker provides a new approach to the screening of HH as well as studies of the relationship between the HFE Tyr allele and different disorders including cancer,The newly described HFE marker provides a new approach to the screening of HH as well as studies of the relationship between the HFE Tyr allele and different disorders including cancer,HH,hereditary hemochromatosis
9382108,The first predictive testing for Huntington disease (HD) was based on analysis of linked polymorphic DNA markers to estimate the likelihood of inheriting the mutation for HD.,The first predictive testing for  HD was based on analysis of linked polymorphic DNA markers to estimate the likelihood of inheriting the mutation for HD.,HD,huntington disease
9382108,"With direct tests for the HD mutation, we have assessed the accuracy of results obtained by linkage approaches when requested to do so by the test individuals.","With direct tests for the HD mutation, we have assessed the accuracy of results obtained by linkage approaches when requested to do so by the test individuals.",HD,huntington disease
9771706,Wolfram syndrome (WFS; OMIM 222300) is an autosomal recessive neurodegenerative disorder defined by young-onset non-immune insulin-dependent diabetes mellitus and progressive optic atrophy., (WFS; OMIM 222300) is an autosomal recessive neurodegenerative disorder defined by young-onset non-immune insulin-dependent diabetes mellitus and progressive optic atrophy.,WFS,wolfram syndrome
9771706,"On the basis of meiotic recombinants and disease-associated haplotypes, the WFS gene was localized to a BAC/P1 contig of less than 250 kb.","On the basis of meiotic recombinants and disease-associated haplotypes, the WFS gene was localized to a BAC/P1 contig of less than 250 kb.",WFS,wolfram syndrome
9771706,"Mutations in a novel gene (WFS1) encoding a putative transmembrane protein were found in all affected individuals in six WFS families, and these mutations were associated with the disease phenotype.","Mutations in a novel gene (WFS1) encoding a putative transmembrane protein were found in all affected individuals in six WFS families, and these mutations were associated with the disease phenotype.",WFS,wolfram syndrome
9506545,"We compared horizontal eye movements (visually guided saccades, antisaccades, and smooth pursuit) in control subjects (n = 14) and patients with three forms of autosomal dominant cerebellar ataxias type I spinocerebellar ataxias 1 and 2 (SCA1, n = 11; SCA2, n = 10) and SCA3/Machado-Joseph disease (MJD) (n = 16).","We compared horizontal eye movements (visually guided saccades, antisaccades, and smooth pursuit) in control subjects (n = 14) and patients with three forms of autosomal dominant cerebellar ataxias type I spinocerebellar ataxias 1 and 2 (SCA1, n = 11; SCA2, n = 10) and SCA3/ MJD (n = 16).",MJD,machado-joseph disease
9288106,Ataxia-telangiectasia (A-T) is a recessive multi-system disorder caused by mutations in the ATM gene at 11q22-q23 (ref., A-T is a recessive multi-system disorder caused by mutations in the ATM gene at 11q22-q23 (ref.,A-T,ataxia-telangiectasia
9288106,"The risk of cancer, especially lymphoid neoplasias, is substantially elevated in A-T patients and has long been associated with chromosomal instability.","The risk of cancer, especially lymphoid neoplasias, is substantially elevated in A-T patients and has long been associated with chromosomal instability.",A-T,ataxia-telangiectasia
9288106,Two of seventeen mutated T-PLL samples had a previously reported A-T allele.,Two of seventeen mutated T-PLL samples had a previously reported A-T allele.,A-T,ataxia-telangiectasia
9714764,A gene encoding a novel transmembrane protein was identified by DNA sequence analysis within the insulin-dependent diabetes mellitus (IDDM) locus IDDM4 on chromosome 11q13.,A gene encoding a novel transmembrane protein was identified by DNA sequence analysis within the  IDDM locus IDDM4 on chromosome 11q13.,IDDM,insulin-dependent diabetes mellitus
9792409,Germline mutations in the ATM gene are responsible for the autosomal recessive disorder ataxia-telangiectasia (A-T).,Germline mutations in the ATM gene are responsible for the autosomal recessive disorder  A-T.,A-T,ataxia-telangiectasia
9792409,"In our study, we have determined the ATM mutation spectrum in 19 classical A-T patients, including some immigrant populations, as well as 12 of Dutch ethnic origin.","In our study, we have determined the ATM mutation spectrum in 19 classical A-T patients, including some immigrant populations, as well as 12 of Dutch ethnic origin.",A-T,ataxia-telangiectasia
9792409,"The most frequently found mutation, identified in three unrelated Turkish A-T individuals, was previously described to be a Turkish A-T founder mutation.","The most frequently found mutation, identified in three unrelated Turkish A-T individuals, was previously described to be a Turkish A-T founder mutation.",A-T,ataxia-telangiectasia
9792409,All patients manifested classical A-T and increased cellular radioresistant DNA synthesis.,All patients manifested classical A-T and increased cellular radioresistant DNA synthesis.,A-T,ataxia-telangiectasia
9674906,"Recent studies demonstrated the existence of a genetically distinct, usually lethal form of the Schwartz-Jampel syndrome (SJS) of myotonia and skeletal dysplasia, which we called SJS type 2.","Recent studies demonstrated the existence of a genetically distinct, usually lethal form of the  SJS of myotonia and skeletal dysplasia, which we called SJS type 2.",SJS,schwartz-jampel syndrome
9674906,"To test for possible nosologic identity between these disorders, we reviewed the literature and obtained a follow-up of the only two surviving patients, one with SJS type 2 at age 10 years and another with SWS at age 7 years.","To test for possible nosologic identity between these disorders, we reviewed the literature and obtained a follow-up of the only two surviving patients, one with SJS type 2 at age 10 years and another with SWS at age 7 years.",SJS,schwartz-jampel syndrome
9674906,"Patients reported as having either neonatal SJS or SWS presented a combination of a severe, prenatal-onset neuromuscular disorder (with congenital joint contractures, respiratory and feeding difficulties, tendency to hyperthermia, and frequent death in infancy) with a distinct campomelic-metaphyseal skeletal dysplasia.","Patients reported as having either neonatal SJS or SWS presented a combination of a severe, prenatal-onset neuromuscular disorder (with congenital joint contractures, respiratory and feeding difficulties, tendency to hyperthermia, and frequent death in infancy) with a distinct campomelic-metaphyseal skeletal dysplasia.",SJS,schwartz-jampel syndrome
9674906,"The follow-up observation of an identical and unique pattern of progressive bone dysplasia in the two patients (one with SJS type 2, one with SWS) surviving beyond infancy adds to the evidence in favor of identity.","The follow-up observation of an identical and unique pattern of progressive bone dysplasia in the two patients (one with SJS type 2, one with SWS) surviving beyond infancy adds to the evidence in favor of identity.",SJS,schwartz-jampel syndrome
9674906,The hypothesis that SWS and SJS type 2 are the same disorder should be testable by molecular methods..,The hypothesis that SWS and SJS type 2 are the same disorder should be testable by molecular methods..,SJS,schwartz-jampel syndrome
9674906,"This disorder is reminiscent of another rare condition, the Stuve-Wiedemann syndrome (SWS), which comprises campomelia at birth with skeletal dysplasia, contractures, and early death.","This disorder is reminiscent of another rare condition, the  SWS, which comprises campomelia at birth with skeletal dysplasia, contractures, and early death.",SWS,stuve-wiedemann syndrome
9674906,"To test for possible nosologic identity between these disorders, we reviewed the literature and obtained a follow-up of the only two surviving patients, one with SJS type 2 at age 10 years and another with SWS at age 7 years.","To test for possible nosologic identity between these disorders, we reviewed the literature and obtained a follow-up of the only two surviving patients, one with SJS type 2 at age 10 years and another with SWS at age 7 years.",SWS,stuve-wiedemann syndrome
9674906,"Patients reported as having either neonatal SJS or SWS presented a combination of a severe, prenatal-onset neuromuscular disorder (with congenital joint contractures, respiratory and feeding difficulties, tendency to hyperthermia, and frequent death in infancy) with a distinct campomelic-metaphyseal skeletal dysplasia.","Patients reported as having either neonatal SJS or SWS presented a combination of a severe, prenatal-onset neuromuscular disorder (with congenital joint contractures, respiratory and feeding difficulties, tendency to hyperthermia, and frequent death in infancy) with a distinct campomelic-metaphyseal skeletal dysplasia.",SWS,stuve-wiedemann syndrome
9674906,The hypothesis that SWS and SJS type 2 are the same disorder should be testable by molecular methods..,The hypothesis that SWS and SJS type 2 are the same disorder should be testable by molecular methods..,SWS,stuve-wiedemann syndrome
9729124,Congenital chloride diarrhea (CLD) is caused by mutations in a gene which encodes an intestinal anion transporter., CLD is caused by mutations in a gene which encodes an intestinal anion transporter.,CLD,congenital chloride diarrhea
9729124,"We report here the complete genomic organization of the human CLD gene which spans approximately 39kb, and comprises 21 exons.","We report here the complete genomic organization of the human CLD gene which spans approximately 39kb, and comprises 21 exons.",CLD,congenital chloride diarrhea
9729124,The genomic structure was determined using DNA from several sources including multiple large-insert libaries and genomic DNA from Finnish CLD patients and controls.,The genomic structure was determined using DNA from several sources including multiple large-insert libaries and genomic DNA from Finnish CLD patients and controls.,CLD,congenital chloride diarrhea
9729124,"Genomic sequencing of a BAC clone H_RG364P16 revealed the presence of another, highly homologous gene 3 of the CLD gene, with a similar genomic structure, recently identified as the Pendred syndrome gene (PDS)..","Genomic sequencing of a BAC clone H_RG364P16 revealed the presence of another, highly homologous gene 3 of the CLD gene, with a similar genomic structure, recently identified as the Pendred syndrome gene (PDS)..",CLD,congenital chloride diarrhea
9729124,"Genomic sequencing of a BAC clone H_RG364P16 revealed the presence of another, highly homologous gene 3 of the CLD gene, with a similar genomic structure, recently identified as the Pendred syndrome gene (PDS)..","Genomic sequencing of a BAC clone H_RG364P16 revealed the presence of another, highly homologous gene 3 of the CLD gene, with a similar genomic structure, recently identified as the  gene PDS..",PDS,pendred syndrome
9585605,"Angelman syndrome (AS) is caused by chromosome 15q11-q13 deletions of maternal origin, by paternal uniparental disomy (UPD) 15, by imprinting defects, and by mutations in the UBE3A gene."," AS is caused by chromosome 15q11-q13 deletions of maternal origin, by paternal uniparental disomy (UPD) 15, by imprinting defects, and by mutations in the UBE3A gene.",AS,angelman syndrome
9585605,Here we describe UBE3A coding-region mutations detected by SSCP analysis in 13 AS individuals or families.,Here we describe UBE3A coding-region mutations detected by SSCP analysis in 13 AS individuals or families.,AS,angelman syndrome
9585605,"In two familial cases and one sporadic case, mosaicism for UBE3A mutations was detected  in the mother of three AS sons, in the maternal grandfather of two AS first cousins, and in the mother of an AS daughter.","In two familial cases and one sporadic case, mosaicism for UBE3A mutations was detected  in the mother of three AS sons, in the maternal grandfather of two AS first cousins, and in the mother of an AS daughter.",AS,angelman syndrome
9585605,"Angelman syndrome (AS) is caused by chromosome 15q11-q13 deletions of maternal origin, by paternal uniparental disomy (UPD) 15, by imprinting defects, and by mutations in the UBE3A gene.","Angelman syndrome (AS) is caused by chromosome 15q11-q13 deletions of maternal origin, by paternal  UPD 15, by imprinting defects, and by mutations in the UBE3A gene.",UPD,uniparental disomy
9600235,3 has recently been identified as the gene responsible for the human recessive disease ataxia-telangiectasia (A-T).,3 has recently been identified as the gene responsible for the human recessive disease  A-T.,A-T,ataxia-telangiectasia
9600235,"In order to define the types of disease-causing ATM mutations in Japanese A-T patients as well as to look for possible mutational hotspots, reverse-transcribed RNA derived from ten patients belonging to eight unrelated Japanese A-T families was analyzed for mutations by the restriction endonuclease fingerprinting method.","In order to define the types of disease-causing ATM mutations in Japanese A-T patients as well as to look for possible mutational hotspots, reverse-transcribed RNA derived from ten patients belonging to eight unrelated Japanese A-T families was analyzed for mutations by the restriction endonuclease fingerprinting method.",A-T,ataxia-telangiectasia
9770531,"To discover genes involved in von Hippel-Lindau (VHL) -mediated carcinogenesis, we used renal cell carcinoma cell lines stably transfected with wild-type VHL-expressing transgenes.","To discover genes involved in  VHL -mediated carcinogenesis, we used renal cell carcinoma cell lines stably transfected with wild-type VHL-expressing transgenes.",VHL,von hippel-lindau
9770531,Reintroduced wild-type VHL strongly inhibited the overexpression of the CA12 gene in the parental renal cell carcinoma cell lines.,Reintroduced wild-type VHL strongly inhibited the overexpression of the CA12 gene in the parental renal cell carcinoma cell lines.,VHL,von hippel-lindau
9770531,"Although both domains of the VHL protein contribute to regulation of CA12 expression, the elongin binding domain alone could effectively regulate CA9 expression.","Although both domains of the VHL protein contribute to regulation of CA12 expression, the elongin binding domain alone could effectively regulate CA9 expression.",VHL,von hippel-lindau
9385378,Mucopolysaccharidosis IVA (MPS IVA) is an autosomal recessive lysosomal storage disorder caused by a genetic defect in N-acetylgalactosamine-6-sulfate sulfatase (GALNS)., IVA (MPS IVA) is an autosomal recessive lysosomal storage disorder caused by a genetic defect in N-acetylgalactosamine-6-sulfate sulfatase (GALNS).,MPS,mucopolysaccharidosis
9385378,"To characterize the mutational spectrum in various ethnic groups, mutations in the GALNS gene in Colombian MPS IVA patients were investigated, and genetic backgrounds were extensively analyzed to identify racial origin, based on mitochondrial DNA (mtDNA) lineages.","To characterize the mutational spectrum in various ethnic groups, mutations in the GALNS gene in Colombian MPS IVA patients were investigated, and genetic backgrounds were extensively analyzed to identify racial origin, based on mitochondrial DNA (mtDNA) lineages.",MPS,mucopolysaccharidosis
9385378,Three novel missense mutations never identified previously in other populations and found in 16 out of 19 Colombian MPS IVA unrelated alleles account for 84.,Three novel missense mutations never identified previously in other populations and found in 16 out of 19 Colombian MPS IVA unrelated alleles account for 84.,MPS,mucopolysaccharidosis
9603435,"Mutations in the HEXA gene, encoding the alpha-subunit of beta-hexosaminidase A (Hex A), that abolish Hex A enzyme activity cause Tay-Sachs disease (TSD), the fatal infantile form of G (M2) gangliosidosis, Type 1.","Mutations in the HEXA gene, encoding the alpha-subunit of beta-hexosaminidase A (Hex A), that abolish Hex A enzyme activity cause  TSD, the fatal infantile form of G (M2) gangliosidosis, Type 1.",TSD,tay-sachs disease
9294109,"Myotonic dystrophy (DM), the most prevalent muscular disorder in adults, is caused by (CTG) n-repeat expansion in a gene encoding a protein kinase (DM protein kinase; DMPK) and involves changes in cytoarchitecture and ion homeostasis."," DM, the most prevalent muscular disorder in adults, is caused by (CTG) n-repeat expansion in a gene encoding a protein kinase (DM protein kinase; DMPK) and involves changes in cytoarchitecture and ion homeostasis.",DM,myotonic dystrophy
9618170,"To date, several mutations in the Duchenne muscular dystrophy gene, DMD, have been identified in patients with XLDCM, but a pathogenic correlation of these cardiospecific mutations in DMD with the XLDCM phenotype has remained to be elucidated.","To date, several mutations in the  gene, DMD, have been identified in patients with XLDCM, but a pathogenic correlation of these cardiospecific mutations in DMD with the XLDCM phenotype has remained to be elucidated.",DMD,duchenne muscular dystrophy
9618170,We report here the identification of a unique de novo L1 insertion in the muscle exon 1 in DMD in three XLDCM patients from two unrelated Japanese families.,We report here the identification of a unique de novo L1 insertion in the muscle exon 1 in DMD in three XLDCM patients from two unrelated Japanese families.,DMD,duchenne muscular dystrophy
9618170,We speculate that this insertion of an L1 sequence in DMD is responsible for some of the population of Japanese patients with XLDCM..,We speculate that this insertion of an L1 sequence in DMD is responsible for some of the population of Japanese patients with XLDCM..,DMD,duchenne muscular dystrophy
9521421,Mucopolysaccharidosis IVA (MPS IVA) is an autosomal recessive lysosomal storage disorder caused by a genetic defect in N-acetylgalactosamine-6-sulfate sulfatase (GALNS)., IVA (MPS IVA) is an autosomal recessive lysosomal storage disorder caused by a genetic defect in N-acetylgalactosamine-6-sulfate sulfatase (GALNS).,MPS,mucopolysaccharidosis
9521421,Previous studies of patients from a British-Irish population showed that the I113F mutation is the most common single mutation among MPS IVA patients and produces a severe clinical phenotype.,Previous studies of patients from a British-Irish population showed that the I113F mutation is the most common single mutation among MPS IVA patients and produces a severe clinical phenotype.,MPS,mucopolysaccharidosis
9521421,"We studied mutations in the GALNS gene from 23 additional MPS IVA patients (15 from Australia, 8 from Northern Ireland), with various clinical phenotypes (severe, 16 cases; intermediate, 4 cases; mild, 3 cases).","We studied mutations in the GALNS gene from 23 additional MPS IVA patients (15 from Australia, 8 from Northern Ireland), with various clinical phenotypes (severe, 16 cases; intermediate, 4 cases; mild, 3 cases).",MPS,mucopolysaccharidosis
9521421,These data provide further evidence for extensive allelic heterogeneity in MPS IVA in British-Irish patients and provide evidence for their transmission to Australia by British-Irish migrants..,These data provide further evidence for extensive allelic heterogeneity in MPS IVA in British-Irish patients and provide evidence for their transmission to Australia by British-Irish migrants..,MPS,mucopolysaccharidosis
9852676,"The myotonic dystrophy (DM) mutation is an unstable (CTG) n repeat, present at a copy number of 5-37 repeats on normal chromosomes but amplified to 50-3000 copies on DM chromosomes.","The  DM mutation is an unstable (CTG) n repeat, present at a copy number of 5-37 repeats on normal chromosomes but amplified to 50-3000 copies on DM chromosomes.",DM,myotonic dystrophy
9852676,Previous findings in Caucasian populations of a DM founder chromosome raise a question about the molecular events involved in the expansion mutation.,Previous findings in Caucasian populations of a DM founder chromosome raise a question about the molecular events involved in the expansion mutation.,DM,myotonic dystrophy
9852676,"To investigate whether a founder chromosome for the DM mutation exists in the Japanese population, we genotyped families using polymorphic markers near the (CTG) n repeat region and constructed haplotypes.","To investigate whether a founder chromosome for the DM mutation exists in the Japanese population, we genotyped families using polymorphic markers near the (CTG) n repeat region and constructed haplotypes.",DM,myotonic dystrophy
9852676,Six different haplotypes were found and DM alleles were always haplotype A.,Six different haplotypes were found and DM alleles were always haplotype A.,DM,myotonic dystrophy
9852676,To find an origin of the (CTG) n repeat mutation and to investigate the mechanism of the expansion mutation in the Japanese population we have studied 90 Japanese DM families comprising 190 affected and 130 unaffected members.,To find an origin of the (CTG) n repeat mutation and to investigate the mechanism of the expansion mutation in the Japanese population we have studied 90 Japanese DM families comprising 190 affected and 130 unaffected members.,DM,myotonic dystrophy
9852676,These data support multistep models of triplet repeat expansion that have been proposed for both DM and Friedreichs ataxia..,These data support multistep models of triplet repeat expansion that have been proposed for both DM and Friedreichs ataxia..,DM,myotonic dystrophy
9888388,Hereditary coproporphyria (HC) is an acute hepatic porphyria with autosomal dominant inheritance caused by deficient activity of coproporphyrinogen III oxidase (CPO)., HC is an acute hepatic porphyria with autosomal dominant inheritance caused by deficient activity of coproporphyrinogen III oxidase (CPO).,HC,hereditary coproporphyria
9888388,"The seven exons, the exon/intron boundaries and part of 3 noncoding sequence of the CPO gene were systematically analyzed by an exon-by-exon denaturing gradient gel electrophoresis (DGGE) strategy followed by direct sequencing in seven unrelated heterozygous HC patients from France, Holland, and Czech Republic.","The seven exons, the exon/intron boundaries and part of 3 noncoding sequence of the CPO gene were systematically analyzed by an exon-by-exon denaturing gradient gel electrophoresis (DGGE) strategy followed by direct sequencing in seven unrelated heterozygous HC patients from France, Holland, and Czech Republic.",HC,hereditary coproporphyria
9888388,Five intragenic dimorphisms are now well characterized and the high degree of allelic heterogeneity in HC is demonstrated with seven new different mutations making a total of nineteen CPO gene defects reported so far..,Five intragenic dimorphisms are now well characterized and the high degree of allelic heterogeneity in HC is demonstrated with seven new different mutations making a total of nineteen CPO gene defects reported so far..,HC,hereditary coproporphyria
9585611,"Germ-line mutations of the tumor suppressor APC are implicated in attenuated adenomatous polyposis coli (AAPC), a variant of familial adenomatous polyposis (FAP).","Germ-line mutations of the tumor suppressor APC are implicated in  AAPC, a variant of familial adenomatous polyposis (FAP).",AAPC,attenuated adenomatous polyposis coli
9585611,The aim of this study was to assess genotype-phenotype correlations in AAPC families.,The aim of this study was to assess genotype-phenotype correlations in AAPC families.,AAPC,attenuated adenomatous polyposis coli
9585611,"By protein-truncation test (PTT) assay, the entire coding region of the APC gene was screened in affected individuals from 11 AAPC kindreds, and their phenotypic differences were examined.","By protein-truncation test (PTT) assay, the entire coding region of the APC gene was screened in affected individuals from 11 AAPC kindreds, and their phenotypic differences were examined.",AAPC,attenuated adenomatous polyposis coli
9585611,"In all AAPC kindreds, a predominance of right-sided colorectal adenomas and rectal polyp sparing was observed.","In all AAPC kindreds, a predominance of right-sided colorectal adenomas and rectal polyp sparing was observed.",AAPC,attenuated adenomatous polyposis coli
9585611,"Our data suggest that, in AAPC families, the location of the APC mutation may partially predict specific phenotypic expression.","Our data suggest that, in AAPC families, the location of the APC mutation may partially predict specific phenotypic expression.",AAPC,attenuated adenomatous polyposis coli
9585611,"Germ-line mutations of the tumor suppressor APC are implicated in attenuated adenomatous polyposis coli (AAPC), a variant of familial adenomatous polyposis (FAP).","Germ-line mutations of the tumor suppressor APC are implicated in attenuated adenomatous polyposis coli (AAPC), a variant of  FAP.",FAP,familial adenomatous polyposis
9585611,This should help in the design of tailored clinical-management protocols in this subset of FAP patients..,This should help in the design of tailored clinical-management protocols in this subset of FAP patients..,FAP,familial adenomatous polyposis
9724771,Classical familial adenomatous polyposis (FAP) is a high-penetrance autosomal dominant disease that predisposes to hundreds or thousands of colorectal adenomas and carcinoma and that results from truncating mutations in the APC gene.,Classical  FAP is a high-penetrance autosomal dominant disease that predisposes to hundreds or thousands of colorectal adenomas and carcinoma and that results from truncating mutations in the APC gene.,FAP,familial adenomatous polyposis
9724771,"A variant of FAP is attenuated adenomatous polyposis coli, which results from germ-line mutations in the 5 and 3 regions of the APC gene.","A variant of FAP is attenuated adenomatous polyposis coli, which results from germ-line mutations in the 5 and 3 regions of the APC gene.",FAP,familial adenomatous polyposis
9689113,von Willebrand factor (vWf) deficiency causes severe von Willebrand disease in humans., vWf deficiency causes severe von Willebrand disease in humans.,vWf,von willebrand factor
9689113,"Neither vWf nor vWf propolypeptide (von Willebrand antigen II) were detectable in plasma, platelets, or endothelial cells of the homozygous mutant mice.","Neither vWf nor vWf propolypeptide (von Willebrand antigen II) were detectable in plasma, platelets, or endothelial cells of the homozygous mutant mice.",vWf,von willebrand factor
9689113,We conclude that these mice very closely mimic severe human von Willebrand disease and will be very useful for investigating the role of vWf in normal physiology and in disease models..,We conclude that these mice very closely mimic severe human von Willebrand disease and will be very useful for investigating the role of vWf in normal physiology and in disease models..,vWf,von willebrand factor
9448273,The inactivation of the von Hippel-Lindau (VHL) tumor suppressor gene predisposes affected individuals to the human VHL cancer syndrome and is associated with sporadic renal cell carcinomas (RCC) and brain hemangioblastomas.,The inactivation of the  VHL tumor suppressor gene predisposes affected individuals to the human VHL cancer syndrome and is associated with sporadic renal cell carcinomas (RCC) and brain hemangioblastomas.,VHL,von hippel-lindau
9448273,"Here, it is shown that reintroduction of the wild-type VHL gene restores the ability of VHL-negative RCC cancer cells to exit the cell cycle and enter G0/quiescence in low serum.","Here, it is shown that reintroduction of the wild-type VHL gene restores the ability of VHL-negative RCC cancer cells to exit the cell cycle and enter G0/quiescence in low serum.",VHL,von hippel-lindau
9448273,"We propose that the loss of wild-type VHL gene results in a specific cellular defect in serum-dependent growth control, which may initiate tumor formation.","We propose that the loss of wild-type VHL gene results in a specific cellular defect in serum-dependent growth control, which may initiate tumor formation.",VHL,von hippel-lindau
9448273,"This is corrected by the reintroduction of wild-type VHL, implicating VHL as the first tumor suppressor involved in the regulation of cell cycle exit, which is consistent with its gatekeeper function in the kidney..","This is corrected by the reintroduction of wild-type VHL, implicating VHL as the first tumor suppressor involved in the regulation of cell cycle exit, which is consistent with its gatekeeper function in the kidney..",VHL,von hippel-lindau
9848786,Five of the cases were observed in children presenting with idiopathic hemolytic uremic syndrome (HUS).,Five of the cases were observed in children presenting with idiopathic  HUS.,HUS,hemolytic uremic syndrome
9521325,"In approximately 5-12% of these cases, there are no demonstrable cardiac or non-cardiac causes to account for the episode, which is therefore classified as idiopathic ventricular fibrillation (IVF).","In approximately 5-12% of these cases, there are no demonstrable cardiac or non-cardiac causes to account for the episode, which is therefore classified as  IVF.",IVF,idiopathic ventricular fibrillation
9521325,A distinct group of IVF patients has been found to present with a characteristic electrocardiographic pattern.,A distinct group of IVF patients has been found to present with a characteristic electrocardiographic pattern.,IVF,idiopathic ventricular fibrillation
9521325,"Because of the small size of most pedigrees and the high incidence of sudden death, however, molecular genetic studies of IVF have not yet been done.","Because of the small size of most pedigrees and the high incidence of sudden death, however, molecular genetic studies of IVF have not yet been done.",IVF,idiopathic ventricular fibrillation
9521325,"Because IVF causes cardiac rhythm disturbance, we investigated whether malfunction of ion channels could cause the disorder by studying mutations in the cardiac sodium channel gene SCN5A.","Because IVF causes cardiac rhythm disturbance, we investigated whether malfunction of ion channels could cause the disorder by studying mutations in the cardiac sodium channel gene SCN5A.",IVF,idiopathic ventricular fibrillation
9521325,"We have now identified a missense mutation, a splice-donor mutation, and a frameshift mutation in the coding region of SCN5A in three IVF families.","We have now identified a missense mutation, a splice-donor mutation, and a frameshift mutation in the coding region of SCN5A in three IVF families.",IVF,idiopathic ventricular fibrillation
9336417,OBJECTIVE  To determine the relative effects of genetic and environmental factors in susceptibility to ankylosing spondylitis (AS).,OBJECTIVE  To determine the relative effects of genetic and environmental factors in susceptibility to  AS.,AS,ankylosing spondylitis
9336417,METHODS  Twins with AS were identified from the Royal National Hospital for Rheumatic Diseases database.,METHODS  Twins with AS were identified from the Royal National Hospital for Rheumatic Diseases database.,AS,ankylosing spondylitis
9336417,"CONCLUSION  Susceptibility to AS is largely genetically determined, and the environmental trigger for the disease is probably ubiquitous.","CONCLUSION  Susceptibility to AS is largely genetically determined, and the environmental trigger for the disease is probably ubiquitous.",AS,ankylosing spondylitis
9731533,"Mutations in APC are classically associated with familial adenomatous polyposis (FAP), a highly penetrant autosomal dominant disorder characterized by multiple intestinal polyps and, without surgical intervention, the development of colorectal cancer (CRC).","Mutations in APC are classically associated with  FAP, a highly penetrant autosomal dominant disorder characterized by multiple intestinal polyps and, without surgical intervention, the development of colorectal cancer (CRC).",FAP,familial adenomatous polyposis
9731533,"Mutations in APC are classically associated with familial adenomatous polyposis (FAP), a highly penetrant autosomal dominant disorder characterized by multiple intestinal polyps and, without surgical intervention, the development of colorectal cancer (CRC).","Mutations in APC are classically associated with familial adenomatous polyposis (FAP), a highly penetrant autosomal dominant disorder characterized by multiple intestinal polyps and, without surgical intervention, the development of  CRC.",CRC,colorectal cancer
9731533,1% of unselected Ashkenazi Jews and higher proportions of Ashkenazim with family or personal histories of CRC (ref.,1% of unselected Ashkenazi Jews and higher proportions of Ashkenazim with family or personal histories of CRC (ref.,CRC,colorectal cancer
9425239,The genetic basis of myotonic dystrophy (DM) is the expansion of an unstable CTG repeat in the 34 UTR of the DM protein kinase gene on chromosome 19.,The genetic basis of  DM is the expansion of an unstable CTG repeat in the 34 UTR of the DM protein kinase gene on chromosome 19.,DM,myotonic dystrophy
9425239,"One of the principal features of the DM mutation is an extraordinarily high level of somatic mosaicism, due to an extremely high degree of somatic instability both within and between different tissues.","One of the principal features of the DM mutation is an extraordinarily high level of somatic mosaicism, due to an extremely high degree of somatic instability both within and between different tissues.",DM,myotonic dystrophy
9425239,"In order to further characterize the dynamics of DM CTG repeat somatic instability, we have studied repeat length changes over time in 111 myotonic dystrophy patients with varying clinical severity and CTG repeat size over time intervals of 1-7 years.","In order to further characterize the dynamics of DM CTG repeat somatic instability, we have studied repeat length changes over time in 111  patients with varying clinical severity and CTG repeat size over time intervals of 1-7 years.",DM,myotonic dystrophy
9800909,Molecular study and neuropsychological analysis were performed concurrently on 49 patients with Duchenne muscular dystrophy (DMD) in order to find a molecular explanation for the cognitive impairment observed in most DMD patients.,Molecular study and neuropsychological analysis were performed concurrently on 49 patients with  DMD in order to find a molecular explanation for the cognitive impairment observed in most DMD patients.,DMD,duchenne muscular dystrophy
9800909,Complete analysis of the dystrophin gene was performed to define the localization of deletions and duplications in relation to the different DMD promoters.,Complete analysis of the dystrophin gene was performed to define the localization of deletions and duplications in relation to the different DMD promoters.,DMD,duchenne muscular dystrophy
9800909,"These findings suggest that some sequences located in the distal part of the gene and, in particular, some DMD isoforms expressed in the brain may be related to the cognitive impairment associated with DMD..","These findings suggest that some sequences located in the distal part of the gene and, in particular, some DMD isoforms expressed in the brain may be related to the cognitive impairment associated with DMD..",DMD,duchenne muscular dystrophy
9439660,"In ataxia-telangiectasia (A-T) patients, mutations in a single gene, ATM, result in an autosomal recessive syndrome that embraces a variety of clinical features and manifests extreme radiosensitivity and a strong pre-disposition to malignancy.","In  A-T patients, mutations in a single gene, ATM, result in an autosomal recessive syndrome that embraces a variety of clinical features and manifests extreme radiosensitivity and a strong pre-disposition to malignancy.",A-T,ataxia-telangiectasia
9439660,Heterozygotes for the ATM gene have no clinical expression of A-T but may be cancer prone with a moderate increase in in vitro radiosensitivity.,Heterozygotes for the ATM gene have no clinical expression of A-T but may be cancer prone with a moderate increase in in vitro radiosensitivity.,A-T,ataxia-telangiectasia
9439660,"We performed a blind chromosomal analysis on G2-phase lymphocytes from 7 unrelated A-T patients, 13 obligate A-T heterozygotes (parents of the patients), and 14 normal controls following X-irradiation with 1 Gy in order to evaluate this cytogenetic method as a tool for detection of ATM carriers.","We performed a blind chromosomal analysis on G2-phase lymphocytes from 7 unrelated A-T patients, 13 obligate A-T heterozygotes (parents of the patients), and 14 normal controls following X-irradiation with 1 Gy in order to evaluate this cytogenetic method as a tool for detection of ATM carriers.",A-T,ataxia-telangiectasia
9439660,Both A-T homozygotes and heterozygotes showed significantly increased levels of radiation-induced chromatid damage relative to that of normal controls.,Both A-T homozygotes and heterozygotes showed significantly increased levels of radiation-induced chromatid damage relative to that of normal controls.,A-T,ataxia-telangiectasia
9439660,These results show that the G2-phase chromosomal radiosensitivity assay can be used for the detection of A-T heterozygotes.,These results show that the G2-phase chromosomal radiosensitivity assay can be used for the detection of A-T heterozygotes.,A-T,ataxia-telangiectasia
9744473,Deficiency of arylsulfatase A (ARSA) enzyme activity causes metachromatic leukodystrophy (MLD).,Deficiency of arylsulfatase A (ARSA) enzyme activity causes  MLD.,MLD,metachromatic leukodystrophy
9744473,A number of ARSA gene mutations responsible for MLD have been identified.,A number of ARSA gene mutations responsible for MLD have been identified.,MLD,metachromatic leukodystrophy
9744473,"Recently, the R496H mutation of ARSA was proposed to be a cause of MLD (Draghia et al., 1997).","Recently, the R496H mutation of ARSA was proposed to be a cause of MLD (Draghia et al., 1997).",MLD,metachromatic leukodystrophy
9888390,"In a family with three siblings, one developed classical late infantile metachromatic leukodystrophy (MLD), fatal at age 5 years, with deficient arylsulfatase A (ARSA) activity and increased galactosylsulfatide (GS) excretion.","In a family with three siblings, one developed classical late infantile  MLD, fatal at age 5 years, with deficient arylsulfatase A (ARSA) activity and increased galactosylsulfatide (GS) excretion.",MLD,metachromatic leukodystrophy
9888390,"The two other siblings, apparently healthy at 12 (1/2) and 15 years, respectively, and their father, apparently healthy as well, presented ARSA and GS values within the range of MLD patients.","The two other siblings, apparently healthy at 12 (1/2) and 15 years, respectively, and their father, apparently healthy as well, presented ARSA and GS values within the range of MLD patients.",MLD,metachromatic leukodystrophy
9888390,Mutation A464V was not found in 18 unrelated MLD patients and 50 controls.,Mutation A464V was not found in 18 unrelated MLD patients and 50 controls.,MLD,metachromatic leukodystrophy
941901,Appreciable beta hexosaminidase A (hex A) activity has been detected in cultured skin fibroblasts and melanoma tissue from healthy individuals previously reported as having deficiency of hex A activity indistinguishable from that of patients with Tay-Sachs disease (TSD).,Appreciable beta hexosaminidase A (hex A) activity has been detected in cultured skin fibroblasts and melanoma tissue from healthy individuals previously reported as having deficiency of hex A activity indistinguishable from that of patients with  TSD.,TSD,tay-sachs disease
941901,Previous family studies suggested that these individuals may be compound heterozygotes for the common mutant TSD gene and a rare (allelic) mutant gene.,Previous family studies suggested that these individuals may be compound heterozygotes for the common mutant TSD gene and a rare (allelic) mutant gene.,TSD,tay-sachs disease
941901,"Thus, the postulated rate mutant gene appears to code for the expression of low amounts of hex A. Heterozygotes for the rare mutant may be indistinguishable from heterozygotes for the common TSD mutant.","Thus, the postulated rate mutant gene appears to code for the expression of low amounts of hex A. Heterozygotes for the rare mutant may be indistinguishable from heterozygotes for the common TSD mutant.",TSD,tay-sachs disease
941901,"However, direct visualization and quantitation of hex A by the methods described may prevent false-positive prenatal diagnosis of TSD in fetuses having the incomplete hex A deficiency of the type described in the four healthy individuals","However, direct visualization and quantitation of hex A by the methods described may prevent false-positive prenatal diagnosis of TSD in fetuses having the incomplete hex A deficiency of the type described in the four healthy individuals",TSD,tay-sachs disease
9590284,Deletion of this IC abolishes local paternally derived gene expression and results in Prader-Willi syndrome (PWS).,Deletion of this IC abolishes local paternally derived gene expression and results in  PWS.,PWS,prader-willi syndrome
9590284,We have created two deletion mutations in mice to understand PWS and the mechanism of this IC.,We have created two deletion mutations in mice to understand PWS and the mechanism of this IC.,PWS,prader-willi syndrome
9590284,"Mice with a larger deletion involving both Snrpn and the putative PWS-IC lack expression of the imprinted genes Zfp127 (mouse homologue of ZNF127), Ndn and Ipw, and manifest several phenotypes common to PWS infants.","Mice with a larger deletion involving both Snrpn and the putative PWS-IC lack expression of the imprinted genes Zfp127 (mouse homologue of ZNF127), Ndn and Ipw, and manifest several phenotypes common to PWS infants.",PWS,prader-willi syndrome
9843038,Hereditary coproporphyria (HCP) is an autosomal dominant disease characterized by a deficiency of coproporphyrinogen oxidase (CPO) caused by a mutation in the CPO gene., HCP is an autosomal dominant disease characterized by a deficiency of coproporphyrinogen oxidase (CPO) caused by a mutation in the CPO gene.,HCP,hereditary coproporphyria
9843038,Only 11 mutations of the gene have been reported in HCP patients.,Only 11 mutations of the gene have been reported in HCP patients.,HCP,hereditary coproporphyria
9529364,"Constitutional mutations of the WT1 gene, encoding a zinc-finger transcription factor involved in renal and gonadal development, are found in most patients with Denys-Drash syndrome (DDS), or diffuse mesangial sclerosis (DMS) associated with pseudohermaphroditism and/or Wilms tumor (WT).","Constitutional mutations of the WT1 gene, encoding a zinc-finger transcription factor involved in renal and gonadal development, are found in most patients with  DDS, or diffuse mesangial sclerosis (DMS) associated with pseudohermaphroditism and/or Wilms tumor (WT).",DDS,denys-drash syndrome
9529364,"Most mutations in DDS patients lie in exon 8 or exon 9, encoding zinc finger 2 or zinc finger 3, respectively, with a hot spot (R394W) in exon 9.","Most mutations in DDS patients lie in exon 8 or exon 9, encoding zinc finger 2 or zinc finger 3, respectively, with a hot spot (R394W) in exon 9.",DDS,denys-drash syndrome
9529364,Two mutations associated with IDMS are different from those described in DDS patients.,Two mutations associated with IDMS are different from those described in DDS patients.,DDS,denys-drash syndrome
9529364,"Constitutional mutations of the WT1 gene, encoding a zinc-finger transcription factor involved in renal and gonadal development, are found in most patients with Denys-Drash syndrome (DDS), or diffuse mesangial sclerosis (DMS) associated with pseudohermaphroditism and/or Wilms tumor (WT).","Constitutional mutations of the WT1 gene, encoding a zinc-finger transcription factor involved in renal and gonadal development, are found in most patients with Denys-Drash syndrome (DDS), or  DMS associated with pseudohermaphroditism and/or Wilms tumor (WT).",DMS,diffuse mesangial sclerosis
9529364,"We analyzed a series of 24 patients, 10 with isolated DMS (IDMS), 10 with DDS, and 4 with urogenital abnormalities and/or WT.","We analyzed a series of 24 patients, 10 with isolated DMS (IDMS), 10 with DDS, and 4 with urogenital abnormalities and/or WT.",DMS,diffuse mesangial sclerosis
9529364,"Constitutional mutations of the WT1 gene, encoding a zinc-finger transcription factor involved in renal and gonadal development, are found in most patients with Denys-Drash syndrome (DDS), or diffuse mesangial sclerosis (DMS) associated with pseudohermaphroditism and/or Wilms tumor (WT).","Constitutional mutations of the WT1 gene, encoding a zinc-finger transcription factor involved in renal and gonadal development, are found in most patients with Denys-Drash syndrome (DDS), or diffuse mesangial sclerosis (DMS) associated with pseudohermaphroditism and/or  WT.",WT,wilms tumor
9529364,One male and two female IDMS patients with WT1 mutations underwent normal puberty.,One male and two female IDMS patients with WT1 mutations underwent normal puberty.,IDMS,isolated diffuse mesangial sclerosis
9529364,Two mutations associated with IDMS are different from those described in DDS patients.,Two mutations associated with IDMS are different from those described in DDS patients.,IDMS,isolated diffuse mesangial sclerosis
9529364,"No WT1 mutations were detected in the six other IDMS patients, suggesting genetic heterogeneity of this disease.","No WT1 mutations were detected in the six other IDMS patients, suggesting genetic heterogeneity of this disease.",IDMS,isolated diffuse mesangial sclerosis
9391889,We report a rare case of paternally transmitted congenital myotonic dystrophy (DM).,We report a rare case of paternally transmitted congenital  DM.,DM,myotonic dystrophy
9391889,Only six other cases of paternal transmission of congenital DM have been reported recently.,Only six other cases of paternal transmission of congenital DM have been reported recently.,DM,myotonic dystrophy
9391889,Decreased fertility of males with adult onset DM and contraction of the repeat upon male transmission contribute to the almost absent occurrence of paternal transmission of congenital DM.,Decreased fertility of males with adult onset DM and contraction of the repeat upon male transmission contribute to the almost absent occurrence of paternal transmission of congenital DM.,DM,myotonic dystrophy
9391889,We conclude that paternal transmission of congenital DM is rare and preferentially occurs with onset of DM past 30 years in the father..,We conclude that paternal transmission of congenital DM is rare and preferentially occurs with onset of DM past 30 years in the father..,DM,myotonic dystrophy
